,Username,Level,Best MMR Rating,Ranking,Avg Seasonal MMR,Wins,Win_p,Kills,KD,Deaths,Headshots,Losses,Time Played,Matches Played,Melee Kills,Blind Kills,Time Played_casual,Losses_casual,Matches_casual,Deaths_casual,Kills_casual,Win_p_casual,KD_casual,Kills/min_casual,Time Played_ranked,Wins_ranked,Losses_ranked,Matches_ranked,Deaths_ranked,Kills_ranked,Win_p_ranked,KD_ranked,Kills/match_ranked,Kills/min_ranked,Smurf
0,Goku7r0,0.7747252747,0.3247474187,0.5454545455,0.3404019096,0.04074402126,0.2895125554,0.03966276867,0.02032367332,0.04648214362,0.03604943673,0.06233201075,0.0499476074,0.05108956313,0.004695902446,0.07058823529,0.05785123967,0.08444148936,0.06540319584,0.04494972728,0.0502302946,0.519,0.03432432432,0.06100795756,0.03095376282,0.02677973667,0.02960136824,0.02957262783,0.02752213165,0.02765982313,51.6,1.14,4.61,0.22,1
1,skwadoodle.,0.7454212454,0,0,0.338403464,0.08350108704,0.2968980798,0.07188297785,0.01693639443,0.09938888018,0.04746800831,0.1226161526,0.09867272092,0.1033260348,0.0109823525,0.09411764706,0.1037649219,0.1489361702,0.1169329865,0.09173950187,0.06821934475,0.525,0.0227027027,0.0450928382,0.06500290192,0.05958491408,0.06446520195,0.06512337828,0.05977736874,0.05903359435,52.1,1.11,4.45,0.23,0
2,Aze-.,0.7087912088,0,0,0.3177528589,0.06473951204,0.2732644018,0.06543893601,0.01957094467,0.07920340746,0.05230230778,0.1020094714,0.0738735592,0.08278594516,0.004771642808,0.1294117647,0.1276400367,0.1924867021,0.1439365787,0.120851679,0.1271110339,0.502,0.03216216216,0.06896551724,0.02766492552,0.02555233207,0.02749638205,0.0278555075,0.02693779765,0.02525744413,52.3,1.06,4.47,0.23,0
3,Shinchan.-,0.6080586081,0.3173087599,0.4545454545,0.3414011325,0.008374265239,0.3382570162,0.008410195174,0.02013549116,0.01031353723,0.007349885158,0.01279918085,0.01065316102,0.00995725159,0.001363326517,0.01176470588,0.005050505051,0.005651595745,0.006193484454,0.003942958533,0.004953506561,0.66,0.03810810811,0.06896551724,0.009479589863,0.008033921,0.00973556111,0.009285169168,0.008443626377,0.007817471139,49.3,1.06,4.21,0.21,1
4,Beny_D,0.06227106227,0,0,0.313089819,0.09058700378,0.29394387,0.08151815861,0.01543093715,0.1213550051,0.07137700973,0.1342634071,0.1037373385,0.1126576999,0.01280012118,0.1235294118,0.160697888,0.2253989362,0.1775052645,0.1631070513,0.1285304597,0.527,0.02405405405,0.05570291777,0.04662410524,0.04162017407,0.04749375082,0.04668023404,0.05110000877,0.04486605114,50.8,0.99,4.72,0.24,0
5,luckyr6,0.7582417582,0,0,0.3197513045,0.3085594653,0.2422451994,0.2836819567,0.01599548363,0.4106326301,0.2594771957,0.5182388327,0.3761788334,0.4101762069,0.03423464364,0.3823529412,0.4926538108,0.7915558511,0.5603864734,0.4670105803,0.3789867037,0.474,0.02486486486,0.05305039788,0.2010059973,0.1795358179,0.2072095777,0.2024930043,0.2036696176,0.1790356721,50.5,0.99,4.33,0.22,0
6,Kratos.R6P,0.5805860806,0.3367380926,0.7272727273,0.3325191518,0.0367179322,0.3146233383,0.04848472371,0.02352277004,0.04958760096,0.04563053702,0.0526046333,0.043485854,0.04452090502,0.02529728092,0.04117647059,0.04178145087,0.05651595745,0.04645113341,0.04149963856,0.0559369659,0.547,0.04135135135,0.09283819629,0.03134068485,0.03012720375,0.03157479279,0.03243449504,0.03291261285,0.03706156583,52.9,1.27,5.62,0.3,1
7,Shadow_Arsh,0.08241758242,0,0,0.3703785944,0.06683307835,0.3308714919,0.06019929177,0.01825366955,0.07752247183,0.05273980094,0.08985024958,0.07666783095,0.07918882285,0.005150344619,0.06470588235,0.08953168044,0.1243351064,0.0998389694,0.07754485115,0.08252947481,0.536,0.0327027027,0.06366047745,0.04778487135,0.0457487168,0.0427575319,0.04674383109,0.04521284366,0.039450959,55.8,0.99,4.15,0.21,0
8,KingGeorge,0.02197802198,0.5578994116,0.9545454545,0.5741090263,0.8425799179,0.5672082718,0.7379457301,0.02201731276,0.7994558327,0.6825112108,0.5559964162,0.782221446,0.7712960067,0.04127849731,0.6176470588,0.1496786042,0.1373005319,0.2088442958,0.1363277913,0.1979664552,0.755,0.04459459459,0.09283819629,0.7746179145,1,0.4894092883,0.8065377766,0.7290443217,0.8133806018,70.7,1.26,4.94,0.26,0
9,Beaulo.TSM,0.04761904762,0.4959475963,0.9090909091,0.5576773621,0.3819953297,0.4903988183,0.4574652063,0.02333458788,0.4675992536,0.5977469102,0.3212594394,0.3831645127,0.3774893129,0.05195788836,0.3588235294,0.01515151515,0.01230053191,0.02068623808,0.01560754419,0.03244401958,0.778,0.06351351351,0.151193634,0.4155542658,0.5100424012,0.3227206946,0.4467056729,0.4693370731,0.5584557248,65.1,1.34,6.12,0.33,0
10,pengu.g2,0.01282051282,0,0,0.5886532697,0.6714711329,0.776957164,0.6230441407,0.04347007904,0.3563013718,0.6382150279,0.1894278766,0.3903248341,0.5112605568,0.04938271605,0.4647058824,0.5041322314,0.2975398936,0.7175771089,0.3943287113,0.958402132,0.846,0.07459459459,0.1326259947,0.1775972142,0.3230305735,0.06354427049,0.2148308318,0.1566453385,0.2974534783,85.7,2.14,6.78,0.42,0
11,Ayu.101,0.6941391941,0.3028755412,0.5454545455,0.2885533474,0.1455833803,0.2968980798,0.1347484147,0.01881821603,0.1686063904,0.1018046593,0.2120824267,0.163290255,0.1799603795,0.02681208816,0.1647058824,0.2433425161,0.3434175532,0.2730087947,0.2115068673,0.2127111034,0.531,0.03081081081,0.06100795756,0.07622364094,0.0695157331,0.07683199579,0.07676163826,0.07546673679,0.07222720012,51.6,1.08,4.62,0.24,0
12,Roy.the.noob,0.6758241758,0.3137559676,0.6818181818,0.302542467,0.1226346727,0.2732644018,0.1014782179,0.01467820851,0.1576803088,0.09795471946,0.1913477537,0.1454767726,0.1566572829,0.009543285617,0.09411764706,0.217630854,0.3095079787,0.2380775424,0.201583755,0.1545146433,0.516,0.02351351351,0.05039787798,0.06384213581,0.0550100424,0.06604394159,0.06327906385,0.0660589593,0.05361850221,49.5,0.92,4.16,0.21,0
13,taku-._,0.8736263736,0.37470856,0.8181818182,0.3487287665,0.1558901683,0.3382570162,0.169542123,0.01957094467,0.2047465064,0.1247730504,0.2028670165,0.184421935,0.1828797831,0.04551995759,0.1705882353,0.1308539945,0.1542553191,0.1377430943,0.1283761582,0.1267054836,0.583,0.03027027027,0.06896551724,0.1460630683,0.1397009596,0.1431390606,0.1488170949,0.1485815292,0.1531289363,53.5,1.16,5.04,0.26,0
14,BUST.balls,0.04578754579,0,0,0,0.01570174732,0.2186115214,0.01004694062,0.01298456906,0.01830510406,0.008596740676,0.03071803405,0.01886133426,0.02199979147,0.001439066879,0.01176470588,0.04866850321,0.07613031915,0.05388331475,0.04064533088,0.02957619999,0.474,0.02216216216,0.0424403183,0.001354227123,0.0008926578889,0.001447178003,0.001208343933,0.001387793263,0.0004285324711,42.1,0.48,2.42,0.1,1
15,AOne98,0.2967032967,0.3317419785,0.7272727273,0.3085378039,0.2059747162,0.2422451994,0.1858889895,0.01260820474,0.3319278052,0.1583069015,0.3478817356,0.2790778903,0.2743718069,0.02431265621,0.2294117647,0.2479338843,0.3670212766,0.2515793385,0.2594138135,0.1561078764,0.456,0.01837837838,0.0450928382,0.2042948346,0.1827717027,0.2098408104,0.2056092597,0.2239167908,0.1638552339,50.7,0.82,3.91,0.2,0
16,Zhadik0325,0.02197802198,0.4064616409,0.8181818182,0.4064616409,0.001368870279,0.7045790251,0.003129374949,0.1025592774,0.0003276399949,0.006781144045,0.001151926277,0.0005239259518,0.0006777186946,7.57E-05,0,0.002754820937,0.002992021277,0.004211569429,0.002267201157,0.007850294024,0.735,0.1045945946,0.1962864721,0.0001934610176,0.001227404597,0,0.0006995675401,1.46E-05,0.001441427403,100,124,11.27,1.42,1
17,combo_very_hard,0.05128205128,0.4081270123,0.8181818182,0.4081270123,0.01900314035,0.6307237814,0.01528658486,0.03782461423,0.009914671149,0.009777972219,0.01087930372,0.01798812435,0.01605671984,0.0007574036204,0.01764705882,0.04866850321,0.02825797872,0.0408769974,0.02434776894,0.04316213319,0.742,0.05432432432,0.06100795756,0.0001934610176,0.001115822361,0,0.000635970491,0,0.0009479657693,100,86,8.6,1.05,1
18,SmokeElite.v2,0.04761904762,0,0,0,0.01417183348,1,0.02811290455,1,7.12E-05,0.04919610631,0,0.0008732099197,0.008497549786,0.001742028327,0,0,0,0.0004954787563,9.86E-05,0.002201558472,1,0.5135135135,1,0.001934610176,0.0213122071,0,0.01214703638,0.0007158091565,0.0354902801,100,56.04,14.38,4.67,1
19,Serenity17__TSM,0.6978021978,0,0,0,0.00845478702,0.8212703102,0.007627851437,0.05607828378,0.003148192994,0.008027999563,0.002175860745,0.003842123647,0.005682410593,0.001363326517,0,0.003673094582,0.004321808511,0.00545026632,0.003778668594,0.005185249558,0.705,0.04162162162,0.09549071618,0.0001934610176,0.0004463289444,0,0.0002543881964,1.46E-05,0.0003376316439,100,39,9.75,0.86,1
20,cooldead245,0.03113553114,0.4186743644,0.8636363636,0.4186743644,0.001610435623,0.5701624815,0.001564687474,0.03519006398,0.001039900853,0.002253089795,0.002047868936,0.0006985679357,0.001199040767,0.0001514807241,0,0.004132231405,0.005319148936,0.005326396631,0.00384438457,0.003794791576,0.628,0.03,0.06631299735,0.0001934610176,0.001338986833,0,0.0007631645892,4.38E-05,0.001285597413,100,37.33,9.33,3.42,1
21,LegindaryWarior,0.6941391941,0,0,0,0.004428697963,0.6986706056,0.005116116281,0.05570191946,0.002065556489,0.004549928907,0.002431844362,0.002095703807,0.003180064644,0.001893509051,0,0.003673094582,0.003656914894,0.004583178496,0.002628639022,0.006257060919,0.703,0.07216216216,0.1273209549,0.0001934610176,0.0003347467083,0,0.0001907911473,1.46E-05,0.0001688158219,100,26,8.67,0.57,1
22,Theis8is,0.03663003663,0,0,0,0.001529913842,0.3367799114,0.001472041505,0.02126458412,0.002008575621,0.0007656130373,0.003967746064,0.001571777855,0.001928891669,0.0007574036204,0,0.005968778696,0.009973404255,0.008051529791,0.006045869751,0.005938414299,0.538,0.03,0.06896551724,0,0.0002231644722,0.0001315616366,0.0001907911473,0,0.0001558299895,66.7,25,8.33,0.93,1
23,Lisa.R6S,0.7673992674,0,0,0,0.005797568242,0.3899556869,0.007329325537,0.02916823485,0.006210914685,0.00415618506,0.008191475746,0.003667481663,0.006412261495,0.00371127774,0.01176470588,0.006427915519,0.009973404255,0.008051529791,0.006998751396,0.01045740274,0.538,0.04567567568,0.1114058355,0.0001934610176,0.0003347467083,0,0.0001907911473,1.46E-05,0.0001558299895,100,25,8.33,0.62,1
24,tvorozhocheg,0.6776556777,0,0,0,0.001288348498,0.5361890694,0.002027917319,0.05156191193,0.0007549965099,0.002428087061,0.002047868936,0.0006985679357,0.0009905119383,0.0002272210861,0,0.004132231405,0.005319148936,0.005574136009,0.003220082802,0.00701022566,0.644,0.06594594595,0.1193633952,0.0001934610176,0.0006694934166,0,0.0003815822946,2.92E-05,0.0004285324711,100,23,7.67,1.5,1
25,GWildUS,0.673992674,0,0,0,0.002174088091,0.8301329394,0.003613192786,0.118554761,0.0002991495605,0.006693645412,0.0007679508511,0.0003492839679,0.001042644146,0.0003029614482,0,0.002754820937,0.001662234043,0.006069614765,0.00207005323,0.0118768286,0.898,0.1732432432,0.2811671088,0,0.0001115822361,0,6.36E-05,0,0.0001038866597,100,21,21,1.68,1
26,whipcream2015,0.7032967033,0,0,0,0.0008052178114,0.4342688331,0.0006176397925,0.01806548739,0.001253579111,0.0007218637209,0.002303852553,0.001047851904,0.0007819831092,0.0002272210861,0.005882352941,0.005050505051,0.005984042553,0.005698005698,0.004402970362,0.003765823702,0.609,0.02594594595,0.05039787798,0,0.0001115822361,0,6.36E-05,1.46E-05,0.0001038866597,100,21,21,1.5,1
27,Angus.-,0.7142857143,0,0,0,0.0002415653434,0.5391432792,0.0009161656922,0.03199096726,0.0006552799897,0.0008531116701,0.001279918085,0.0005239259518,0,0,0,0.003673094582,0.003324468085,0.003839960362,0.003022934875,0.00463485994,0.677,0.04648648649,0.09018567639,0,0.0001115822361,0,6.36E-05,1.46E-05,9.09E-05,100,20,20,1.01,1
28,The-20-KD-Guy,0.6318681319,0,0,0,0.09260004831,0.4652880355,0.0758976365,0.02822732405,0.06549950854,0.07317073171,0.08498656086,0.07142857143,0.09389010531,0.01249715974,0.1352941176,0.1822773186,0.2140957447,0.2194970891,0.1467109154,0.206338171,0.637,0.04297297297,0.07957559682,0,0.0001115822361,0,6.36E-05,1.46E-05,9.09E-05,100,20,20,0.67,0
29,nathangusmanBR,0.836996337,0,0,0,0,0.1078286558,0.000113233962,0.01072638314,0.001524238237,0.0005687411134,0.003711762447,0.0008732099197,0.0008341153164,0,0,0.003673094582,0.007646276596,0.004707048185,0.004041532497,0.001911879725,0.395,0.01432432432,0.03713527851,0,0.0002231644722,0,0.0001271940982,1.46E-05,9.09E-05,100,20,10,1.12,1
30,Quarantine.-,0.03663003663,0,0,0,0.001771479185,0.8995568685,0.003232314914,0.1445238991,5.70E-05,0.002843705567,0.0003839754256,0.0005239259518,0.0006255864873,0.0008331439824,0,0.001836547291,0.0009973404255,0.003344481605,0.0008543076822,0.006372932418,0.889,0.2202702703,0.2387267905,0.0001934610176,0.0006694934166,0,0.0003815822946,5.84E-05,0.0008570649421,100,19.75,13.17,1.59,1
31,Larrythegreates,0.01648351648,0,0,0,0.004026089057,0.3870014771,0.004694062423,0.0318027851,0.003646775595,0.0058624084,0.006271598618,0.003318197695,0.004483369826,0.0009088843445,0,0.009641873278,0.01462765957,0.01300631735,0.00916737859,0.01320935083,0.581,0.04405405405,0.09549071618,0.0001934610176,0.0007810756528,0,0.0004451793437,5.84E-05,0.0008310932772,100,19.25,11,1.22,1
32,ShortinhoCavado,0.6648351648,0.6238481181,0.9545454545,0.5900965915,0.00563652468,0.9675036928,0.01103516429,0.3887843432,0.0001139617373,0.01959969375,0.000255983617,0.0006985679357,0.003075800229,0.00446868136,0,0.0009182736455,0,0.002353524093,0.0002628639022,0.007270936531,1,0.7537837838,0.7320954907,0.001354227123,0.007699174291,0.0002631232733,0.004515390486,0.0006865924562,0.01153141922,97.2,19.17,12.69,2.18,1
33,Jordynski,0.04945054945,0,0,0,0.003462436589,0.5288035451,0.003994070658,0.04591644712,0.001994330404,0.004746800831,0.003711762447,0.002270345791,0.003075800229,0.0003787018102,0,0.007346189164,0.009640957447,0.008918617614,0.005684431885,0.006141189421,0.597,0.03297297297,0.05835543767,0.0003869220352,0.002120062486,0,0.001208343933,0.0002045169019,0.003298401444,100,19.07,14.05,2.68,1
34,SleepyWater45,0.1135531136,0,0,0,0.004187132619,0.9793205318,0.00848225315,0.3566051938,0,0.01301542163,0.0001279918085,0,0.002085288291,0.0004544421722,0,0,0,0.0003716090673,0,0.001071811361,1,1,0.6153846154,0.000967305088,0.007476009819,0.0001315616366,0.004324599339,0.0006865924562,0.01099900009,98.5,18.3,12.65,2.82,1
35,EZ_Rakesh,0.8534798535,0.6231819696,0.9545454545,0.6231819696,0.004026089057,0.5627769572,0.006783743721,0.07132103877,0.002008575621,0.01279667505,0.003711762447,0.002270345791,0.00344072568,0.0003029614482,0.005882352941,0.005968778696,0.009640957447,0.007803790412,0.005257278044,0.007068161409,0.54,0.04108108108,0.08222811671,0.000967305088,0.003905378264,0,0.002225896718,0.0004090338037,0.006402015401,100,18.07,14.46,1.65,1
36,XOR_UCN,0.6794871795,0,0,0,0.0008857395926,0.3751846381,0.001986741332,0.03481369966,0.001381786065,0.002406212403,0.002815819788,0.001222493888,0.001042644146,0.0003029614482,0,0.004591368228,0.006981382979,0.005202526942,0.004041532497,0.006054285797,0.5,0.04567567568,0.09283819629,0,0.0002231644722,0,0.0001271940982,1.46E-05,6.49E-05,100,18,9,0.7,1
37,MMRVN,0.8498168498,0,0,0,0.001127304936,0.6838995569,0.00160586346,0.06680466692,0.0002991495605,0.001531226075,0.001151926277,0.0006985679357,0.0005213220728,0.0003787018102,0.005882352941,0.003673094582,0.002992021277,0.004954787563,0.002201485181,0.00663364329,0.775,0.09108108108,0.1273209549,0.0001934610176,0.0002231644722,0,0.0001271940982,1.46E-05,6.49E-05,100,18,9,0.59,1
38,VelialTarantyL,0.0989010989,0,0,0,0.002576696997,0.2274741507,0.002151445277,0.01561911931,0.00387469907,0.002909329542,0.007167541277,0.002794271743,0.003909915546,0.001439066879,0,0.00826446281,0.015625,0.01028118419,0.009233094565,0.004750731439,0.434,0.01567567568,0.03978779841,0.0001934610176,0.001227404597,0.0001315616366,0.0007631645892,0.0001022584509,0.001441427403,91.7,17.71,10.33,2.64,1
39,Pukey.-,0.8516483516,0,0,0,0.01215878895,0.5228951256,0.01542040682,0.05382009785,0.006937420761,0.02222465274,0.01036733649,0.006287111422,0.01141695339,0.003181095206,0.01176470588,0.01561065197,0.02659574468,0.02031462901,0.01554182822,0.01491845543,0.512,0.02945945946,0.06631299735,0.001354227123,0.009596072305,0.0001315616366,0.005532943271,0.0008911093581,0.01377796824,98.9,17.61,12.34,2.53,1
40,SloppyWizard,0.6758241758,0.4775174864,0.9090909091,0.4775174864,0.001690957404,0.4047267356,0.002913201021,0.05080918329,0.001210843459,0.005184293995,0.00345577883,0.001571777855,0.001824627255,0,0,0.005050505051,0.008643617021,0.006069614765,0.00384438457,0.003215434084,0.469,0.02540540541,0.0450928382,0.0005803830528,0.001896898014,0.0001315616366,0.001144746884,0.000219125252,0.003246458114,94.4,17.53,14.61,1.48,1
41,PrimOSource,0.304029304,0,0,0,0.005717046461,0.1979320532,0.004364654533,0.01618366579,0.006908930327,0.003281198731,0.01369512351,0.007334963325,0.008601814201,0.0003029614482,0,0.0160697888,0.02759308511,0.01870432305,0.01311033712,0.01060224211,0.45,0.02486486486,0.0450928382,0,0.0002231644722,0,0.0001271940982,0,5.19E-05,100,17,8.5,0.84,1
42,AntasLion,0.04212454212,1,0.9545454545,1,0.02407601256,0.917282127,0.02514823355,0.1719984945,0.00321941908,0.03788690802,0.002431844362,0.005937827454,0.01590032322,0.001287586155,0.02941176471,0.006427915519,0.005651595745,0.007927660102,0.00502727213,0.01468671244,0.734,0.08891891892,0.1618037135,0.00483652544,0.03023878599,0.0002631232733,0.0173619944,0.001753002016,0.02615346657,99.3,16.89,7.42,1.37,1
43,Blu3k_,0.1007326007,0,0,0,0.002335131653,0.4431314623,0.002274973236,0.02973278133,0.001923104318,0.001859345948,0.003711762447,0.002270345791,0.002345949327,0.0009846247065,0,0.006887052342,0.00897606383,0.007432181345,0.005487283959,0.00463485994,0.55,0.02567567568,0.04774535809,0.0001934610176,0.0008926578889,0,0.0005087763928,7.30E-05,0.0009219941044,100,16.8,10.5,2.18,1
44,pozdrawiamfanow,0.1263736264,0.5104918397,0.9090909091,0.703008771,0.01610435623,0.6868537666,0.01555422877,0.06755739556,0.005512899044,0.02211527945,0.007551516703,0.006287111422,0.01282452299,0.0001514807241,0.03529411765,0.01101928375,0.01828457447,0.01189149015,0.01113885786,0.006401900293,0.427,0.01756756757,0.03978779841,0.003095376282,0.01986163803,0.0002631232733,0.01144746884,0.001256318111,0.0177256613,98.9,16.02,7.66,1.41,1
45,Jincolou,0.04945054945,0,0,0,0.001610435623,0.4224519941,0.001770567405,0.02145276628,0.002350460833,0.001159356885,0.003199795213,0.001746419839,0.001668230633,0.0002272210861,0.005882352941,0.006427915519,0.008311170213,0.007308311656,0.006275875665,0.006025317922,0.576,0.02918918919,0.06631299735,0,0.0001115822361,0,6.36E-05,1.46E-05,3.90E-05,100,16,16,0.76,1
46,YzToyoki,0.7142857143,0,0,0,0.0009662613737,0.2496307238,0.001039693651,0.01900639819,0.001766406929,0.0004593678224,0.004095737873,0.001746419839,0.001616098426,0.0001514807241,0.005882352941,0.006427915519,0.009640957447,0.007184441967,0.005290136032,0.004866602937,0.5,0.02810810811,0.05570291777,0,0.0002231644722,0,0.0001271940982,1.46E-05,3.90E-05,100,16,8,0.54,1
47,Beige_Boi,0.02564102564,0,0,0,0.00773009099,0.5908419498,0.009099892942,0.03217914942,0.006965911195,0.007196762551,0.005631639575,0.00576318547,0.006620790324,0.0008331439824,0.005882352941,0.009641873278,0.008311170213,0.01213922953,0.01031740816,0.01419425857,0.745,0.04216216216,0.1034482759,0,0.0001115822361,0,6.36E-05,1.46E-05,3.90E-05,100,16,16,1.12,1
48,BattleYoutube,0.04029304029,0,0,0,0.002254609872,0.9113737075,0.002511735156,0.07903650734,0.0004273565151,0.002012468555,0.0003839754256,0.001222493888,0.000938379731,0.0004544421722,0,0.0004591368228,0.0003324468085,0.0004954787563,0.0004600118289,0.0005793574925,0.75,0.03594594595,0.07161803714,0,0.0001115822361,0.0001315616366,0.0001271940982,4.38E-05,0.0002727024816,50,11.33,17,2.54,1
49,Ricardoo254,0.04761904762,0.5692239369,0.9545454545,0.5692239369,0.002979305902,0.7400295421,0.005517582146,0.09785472337,0.0009971652018,0.009734222903,0.001535901702,0.001047851904,0.001876759462,0.0004544421722,0,0.003673094582,0.003989361702,0.004707048185,0.002990076888,0.006604675415,0.684,0.06702702703,0.1273209549,0.0005803830528,0.003347467083,0,0.001907911473,0.0003798171035,0.005012531328,100,15.35,13.3,2.06,1
50,g4g-master,0.6831501832,0.7726212945,1,0.7726212945,0.01699009582,0.9689807976,0.02223503253,0.2595031991,0.001623954757,0.04105873346,0.0006399590426,0.003842123647,0.01058283808,0,0,0.0009182736455,0.000664893617,0.00136256658,0.0007885917066,0.003823759451,0.818,0.1427027027,0.2546419098,0.004643064423,0.02421334524,0.0003946849099,0.0139913508,0.002001343968,0.02699754568,98.6,15.27,9.51,1.44,1
51,UCM_stanzq-,0.005494505495,0,0,0,0.003140349465,0.4534711965,0.003983776661,0.0318027851,0.003091212126,0.005884283058,0.00435172149,0.002968913727,0.003127932437,0.0008331439824,0.005882352941,0.004132231405,0.00664893617,0.004954787563,0.003614378655,0.004866602937,0.5,0.04081081081,0.0848806366,0,0.0001115822361,0,6.36E-05,1.46E-05,2.60E-05,100,15,15,0.71,1
52,IlIIIIIlllllII,0.6538461538,0,0,0,0.01006522264,0.4682422452,0.01096310632,0.03838916071,0.006980156412,0.009121732473,0.01036733649,0.007509605309,0.010061516,0.003484056654,0.005882352941,0.01974288338,0.02493351064,0.02465006813,0.0158704081,0.028880971,0.623,0.05567567568,0.1034482759,0,0.0002231644722,0,0.0001271940982,1.46E-05,2.60E-05,100,15,7.5,0.51,1
53,SkiII.eXe,0.7893772894,0,0,0,0.001207826717,0.7193500739,0.002130857284,0.06981558148,0.0004558469494,0.002843705567,0.001023934468,0.0003492839679,0.0005213220728,7.57E-05,0,0.003213957759,0.002659574468,0.005078657253,0.002562923047,0.008197908519,0.805,0.09675675676,0.1777188329,0,0.0001115822361,0,6.36E-05,1.46E-05,2.60E-05,100,15,15,0.93,1
54,cqlcqn_-,0.05860805861,0,0,0,0.003704001933,0.3958641064,0.002872025035,0.02502822732,0.002977250388,0.002953078858,0.005759631384,0.003143555711,0.004066312168,0,0.005882352941,0.0101010101,0.01462765957,0.01288244767,0.007951633042,0.009646302251,0.577,0.03702702703,0.06631299735,0.0001934610176,0.0002231644722,0,0.0001271940982,1.46E-05,2.60E-05,100,15,7.5,0.49,1
55,ReloadsllllIIlI,0.6593406593,0,0,0,0.009582091956,0.9896602659,0.01382483735,0.2525404592,0.0008262225958,0.0178497211,0.0001279918085,0.001571777855,0.005578146179,0.004165719912,0,0.001836547291,0,0.003468351294,0.0009528816455,0.008545523015,1,0.2656756757,0.3660477454,0.001934610176,0.01227404597,0.0001315616366,0.00705927245,0.00111023461,0.01462204735,99.1,14.99,10.26,1.86,1
56,jolly.TM,0.6538461538,0,0,0,0.003462436589,0.9320531758,0.007452853496,0.2164094844,0.0003133947777,0.01152794488,0.0003839754256,0.0001746419839,0.00172036284,0.001817768689,0.005882352941,0.001836547291,0.000664893617,0.005326396631,0.001511467438,0.01387561195,0.953,0.2754054054,0.5676392573,0.0003869220352,0.002120062486,0.0001315616366,0.001271940982,0.0003067753528,0.003817834742,95,14.62,15.35,2.71,1
57,Marshmallo_man,0.06776556777,0.3395137116,0.7272727273,0.3395137116,0.005958611804,0.4032496307,0.00464259244,0.02258185924,0.005227994701,0.004659302198,0.008063483937,0.005064617534,0.006464393702,0.0002272210861,0.01176470588,0.01377410468,0.01994680851,0.0158553202,0.01268318328,0.01083398511,0.531,0.02621621622,0.05570291777,0.0001934610176,0.001562151306,0,0.0008903586874,5.84E-05,0.0005713766281,100,14.25,4.07,0.93,1
58,T4js0n_123,0.1098901099,0.4834017986,0.9090909091,0.4834017986,0.002013044529,0.5228951256,0.002624969118,0.04516371848,0.001253579111,0.005074920704,0.002687827979,0.001397135871,0.00172036284,0.0001514807241,0,0.005050505051,0.006981382979,0.005821875387,0.004041532497,0.005127313809,0.553,0.03864864865,0.07427055703,0.0003869220352,0.00200848025,0,0.001144746884,0.0001753002016,0.002025789863,100,14.08,9.39,1.38,1
59,Micka_13500,0.6886446886,0,0,0,0.007488525646,0.6632200886,0.007576381454,0.03669552126,0.00502856166,0.006693645412,0.004223729681,0.005413901502,0.005890939422,0.0003029614482,0.005882352941,0.0160697888,0.01063829787,0.01709401709,0.01271604127,0.0229425567,0.768,0.05513513514,0.100795756,0,0.0001115822361,0,6.36E-05,1.46E-05,1.30E-05,100,14,14,0.77,1
60,RB_5900,0.7252747253,0,0,0,0.02254609872,0.246676514,0.01655274644,0.01599548363,0.02444479266,0.01555288199,0.03980545245,0.02410059378,0.03013241581,0.001666287965,0.01764705882,0.0422405877,0.06981382979,0.05078657253,0.0387067096,0.03174879059,0.488,0.02513513514,0.05305039788,0,0.0002231644722,0,0.0001271940982,1.46E-05,1.30E-05,100,14,7,0.77,1
61,Lecutis,0.6501831502,0,0,0,0.0004026089057,0.4815361891,0,0.01204365826,0.00105414607,0,0.001663893511,0.0006985679357,0.0002606610364,0,0,0.004132231405,0.004321808511,0.004459308807,0.003942958533,0.002230526346,0.639,0.0172972973,0.03978779841,0,0.0001115822361,0,6.36E-05,1.46E-05,1.30E-05,100,14,14,1.41,1
62,DouyuTV_LoDaddy,0.1886446886,0.4666370601,0.9090909091,0.4666370601,0.004589741525,0.5169867061,0.00461171045,0.04140007527,0.002635365176,0.007437383791,0.004735696915,0.002794271743,0.004222708789,7.57E-05,0.005882352941,0.008723599633,0.01230053191,0.01189149015,0.007294473286,0.01155818198,0.615,0.04837837838,0.09283819629,0.0003869220352,0.001896898014,0,0.001081149835,0.0001460835013,0.001649200722,100,14,8.24,1.19,1
63,WG.4qun48094873,0.1007326007,0,0,0,0.006522264272,0.8419497784,0.006238161904,0.08374106135,0.001495747803,0.009602974954,0.001535901702,0.001746419839,0.004170576582,0.0003029614482,0,0.005509641873,0.003324468085,0.01189149015,0.00384438457,0.01761246777,0.896,0.1391891892,0.2175066313,0.0001934610176,0.001115822361,0,0.000635970491,7.30E-05,0.00074019245,100,14,7,1.32,1
64,Onur_10,0.1593406593,0,0,0,0.001852000966,0.3279172821,0.001924977353,0.01844185171,0.002948759954,0.001115607569,0.004479713298,0.002794271743,0.002345949327,0.0003029614482,0,0.005050505051,0.005984042553,0.005698005698,0.004172964448,0.004374149069,0.609,0.03189189189,0.06100795756,0.0001934610176,0.0002231644722,0.0001315616366,0.0001907911473,5.84E-05,6.49E-05,66.7,4.5,6,0.34,1
65,monkeysontoast,0.7857142857,0,0,0,0.0008857395926,0.2614475628,0.001595569464,0.02070003764,0.002179518227,0.001531226075,0.003839754256,0.001746419839,0.001459701804,0,0,0.0004591368228,0.0009973404255,0.0006193484454,0.0003614378655,0.0006662611164,0.4,0.05189189189,0.124668435,0,0.0001115822361,0,6.36E-05,4.38E-05,9.09E-05,100,6.67,20,0.99,1
66,Shikuoi.FLG,0.05494505495,0,0,0,0.005233915774,0.6011816839,0.003561722803,0.02766277757,0.003290645166,0.002362463087,0.003967746064,0.003667481663,0.004326973204,0.001060365069,0,0.00826446281,0.006981382979,0.009909575127,0.006703029506,0.00895107326,0.738,0.04081081081,0.07427055703,0,0,0.0003946849099,0.0001907911473,1.46E-05,1.30E-05,0,14,4.67,0.66,1
67,ll.LiAngeIo.ll,0.7912087912,0.6518263573,0.9545454545,0.6518263573,0.002576696997,1,0.0065469818,0.2421904403,0.0001139617373,0.009077983157,0,0.0001746419839,0.0009905119383,0.002044989775,0,0,0,0,9.86E-05,0,0,0,0,0.001160766106,0.005690694042,0,0.003243449504,0.0007596342069,0.009271884374,100,13.98,14.25,2.07,1
68,its.rainbow,0.06776556777,0.4029088487,0.8181818182,0.4029088487,0.0007246960303,0.7754800591,0.001842625381,0.07602559277,0.0002421686919,0.00255933501,0.0006399590426,0.0001746419839,5.21E-05,0.0004544421722,0.005882352941,0.001836547291,0.001662234043,0.002601263471,0.001642899389,0.003794791576,0.762,0.06945945946,0.1405835544,0.0003869220352,0.001338986833,0,0.0007631645892,0.0001460835013,0.00163621489,100,13.9,11.58,1.25,1
69,bouncingbob2,0.7014652015,0.511713112,0.9545454545,0.511713112,0.002576696997,0.5834564254,0.005363172198,0.07621377493,0.0014102765,0.007612381057,0.00255983617,0.001222493888,0.002033156084,0,0,0.003673094582,0.004654255319,0.004707048185,0.00354866268,0.005272153182,0.632,0.04513513514,0.09549071618,0.0005803830528,0.003012720375,0.0005262465465,0.001971508522,0.0004528588541,0.005363148805,87.1,13.74,13.74,2.24,1
70,ReportChinera.,0.7344322344,0.6348395692,0.9545454545,0.6348395692,0.00281826234,0.8980797637,0.00734991353,0.2207376741,0.0002849043434,0.01406540523,0.0005119672341,0.0008732099197,0.001355437389,0.001211845793,0.02352941176,0.0004591368228,0.0003324468085,0.0008670878236,0.0005257278044,0.003360273457,0.857,0.1843243243,0.4190981432,0.001547688141,0.005244365097,0.0003946849099,0.003179852455,0.0007158091565,0.008570649421,94,13.73,13.46,1.33,1
71,pepsicover,0.1318681319,0.4817364272,0.9090909091,0.4817364272,0.003220871246,0.3367799114,0.005888166022,0.04572826496,0.003034231257,0.008268620803,0.006143606809,0.002968913727,0.003909915546,0.0005301825343,0,0.009182736455,0.015625,0.01077666295,0.007590195176,0.01138437473,0.46,0.04567567568,0.0875331565,0.0003869220352,0.001896898014,0,0.001081149835,0.0002775586525,0.003246458114,100,13.84,15.47,2.2,1
72,ReloadsELO,0.2435897436,0.5625624514,0.9545454545,0.5625624514,0.003623480151,0.9335302806,0.006608745779,0.2167858487,0.0002136782575,0.009231105764,0.0003839754256,0.0006985679357,0.001824627255,0.001363326517,0,0.001836547291,0.0003324468085,0.003716090673,0.001051455609,0.009443527128,0.967,0.267027027,0.3687002653,0.000967305088,0.003905378264,0.0002631232733,0.002353090817,0.000438250504,0.005116417988,94.6,13.57,11,1.42,1
73,Tacet_Mors,0.7564102564,0,0,0,0.003945567276,0.4623338257,0.00330437289,0.02333458788,0.003661020812,0.003390572022,0.004991680532,0.003492839679,0.003909915546,0.0006816632584,0,0.007805325987,0.01097074468,0.01028118419,0.007031609384,0.009037976884,0.602,0.03918918919,0.07957559682,0.0001934610176,0.0005579111805,0,0.0003179852455,2.92E-05,0.0001818016544,100,13.5,5.4,0.71,1
74,IlIIllIlIIlIlIl,0.0293040293,0,0,0,0.001449392061,0.4047267356,0.001914683357,0.02596913813,0.001965839969,0.002909329542,0.003199795213,0.002270345791,0.001563966218,0,0.01176470588,0.007346189164,0.008311170213,0.006688963211,0.005848721824,0.005330088931,0.537,0.02783783784,0.05039787798,0.0001934610176,0.0008926578889,0,0.0005087763928,0.0001022584509,0.001038866597,100,13.29,11.62,1.09,1
75,atam87,0.2893772894,0.642278228,0.9545454545,0.642278228,0.004509219744,0.6085672083,0.003747014741,0.04572826496,0.001866123449,0.007656130373,0.00345577883,0.002444987775,0.003649254509,0.0001514807241,0,0.006427915519,0.007646276596,0.006936702589,0.004895840179,0.002027751224,0.589,0.0127027027,0.02387267905,0.000967305088,0.004686453917,0.0005262465465,0.002925464258,0.0004236421539,0.004830729674,91.3,13.28,8.37,1.22,1
76,Gendon5,0.6428571429,0.5150438548,0.9545454545,0.4750749417,0.007327482084,0.4785819793,0.005352878201,0.02333458788,0.005755067736,0.005993656349,0.007679508511,0.005413901502,0.007194244604,0.001969249413,0,0.01515151515,0.01994680851,0.01635079896,0.01396464481,0.007792358275,0.545,0.01702702703,0.03713527851,0.0005803830528,0.004240124972,0,0.002416687866,0.0003798171035,0.004272338878,100,13.15,9,2.08,1
77,Nigwood,0.6575091575,0,0,0,0.005958611804,0.1964549483,0.00657786379,0.01768912307,0.009188165074,0.00463742754,0.01420709075,0.007684247293,0.008966739652,7.57E-05,0.005882352941,0.02157943067,0.03557180851,0.02403071968,0.02191627785,0.01992989774,0.448,0.02783783784,0.06631299735,0,0.0001115822361,0,6.36E-05,1.46E-05,0,100,13,13,0.86,1
78,Moka_QwQ,0.6355311355,0,0,0,0.002496175215,0.7961595273,0.00217203327,0.04723372224,0.0009971652018,0.002165591163,0.001023934468,0.001746419839,0.001355437389,0.0001514807241,0.005882352941,0.006427915519,0.002659574468,0.007060572278,0.003811526582,0.008371715767,0.86,0.06675675676,0.09018567639,0,0.0001115822361,0,6.36E-05,1.46E-05,0,100,13,13,0.76,1
79,Deydriel,0.7271062271,0,0,0,0.003945567276,0.2304283604,0.002305855225,0.01166729394,0.005427427741,0.001553100733,0.009471393831,0.004540691582,0.005734542801,0.0003029614482,0,0.01423324151,0.02460106383,0.01758949585,0.01406321877,0.008748298137,0.479,0.01891891892,0.0424403183,0,0,0,0,0,0,0,13,13,1.81,1
80,Gleosha,0.6666666667,0,0,0,0.005958611804,0.29394387,0.004652886437,0.01825366955,0.006410347726,0.00463742754,0.01087930372,0.005413901502,0.007611302263,0.0007574036204,0.005882352941,0.01515151515,0.02526595745,0.01882819274,0.01422750871,0.01306451146,0.5,0.02810810811,0.06100795756,0,0,0,0,1.46E-05,0,0,13,13,1.18,1
81,loroyal123,0.06043956044,0,0,0,0.03438280055,0.3220088626,0.02472617969,0.01863003387,0.03162438211,0.02653396041,0.04838090362,0.0337059029,0.04128870816,0.002120730137,0.03529411765,0.08999081726,0.1240026596,0.1009537966,0.07379904055,0.07149271458,0.542,0.02972972973,0.05570291777,0.0001934610176,0.0002231644722,0,0.0001271940982,1.46E-05,0,100,13,6.5,0.36,1
82,bahram.ffx,0.7362637363,0.3608304652,0.7727272727,0.3860330854,0.6775102665,0.2895125554,0.8143065964,0.01919458035,1,0.8097123482,1,0.923856095,0.8452716088,0.05423009922,0.6,0.03902662994,0.04421542553,0.04174408522,0.03781954393,0.03823759451,0.605,0.03108108108,0.06896551724,1,0.9063825039,1,1,1,1,51.7,1.13,4.9,0.25,0
83,notepad.-,0.684981685,0.3924725214,0.8181818182,0.4258909737,0.5976326596,0.2909896603,0.5578419666,0.01486639067,0.8583740509,0.4415837253,0.8776398311,0.8166259169,0.743718069,0.03370446111,0.4764705882,0.06749311295,0.08776595745,0.08212560386,0.06259446671,0.04973784073,0.602,0.02432432432,0.05305039788,0.8717353453,0.7777281857,0.8614655966,0.8597049097,0.846919099,0.676016466,51.6,0.9,3.85,0.19,0
84,Vilentoni.TPG,0.9945054945,0.4079049628,0.8636363636,0.4348839791,0.535308801,0.2836041359,0.636971918,0.01957094467,0.7694554053,0.5254949141,0.802124664,0.7259867272,0.6726097383,0.04680754374,0.4705882353,0.05922865014,0.09341755319,0.07395020438,0.05884865611,0.05932620724,0.529,0.03081081081,0.06896551724,0.7724898433,0.6962731533,0.7779239574,0.7728949377,0.7540246005,0.7677224148,51.3,1.15,4.87,0.25,0
85,AMOK_CRO,0.08974358974,0.348950816,0.7272727273,0.3818141446,0.4865126017,0.2688330871,0.4812443383,0.01486639067,0.7374606476,0.3541288417,0.7610392935,0.7142857143,0.6242831821,0.04483829433,0.4352941176,0.03259871442,0.05285904255,0.03678929766,0.0287507393,0.02117551635,0.465,0.02243243243,0.0450928382,0.7775198298,0.658781522,0.7593737666,0.7425591453,0.7426739124,0.5970755905,50.6,0.9,3.94,0.19,0
86,Pr1meR6,0.7454212454,0.4794049073,0.9090909091,0.4825136005,0.6137370159,0.3471196455,0.6876492629,0.01938276251,0.8335588826,0.7470414525,0.775374376,0.7591687042,0.7124908769,0.03665833523,0.5529411765,0.09687786961,0.1203457447,0.1210206862,0.09407241901,0.1162770488,0.629,0.03783783784,0.0848806366,0.7976397756,0.778844008,0.7450335482,0.8040574917,0.8094194642,0.811965146,55.2,1.13,4.95,0.25,0
87,Dizel_Max,0.7197802198,0.3920284223,0.8181818182,0.3932496947,0.6304855463,0.305760709,0.6313822779,0.01731275875,0.8479750424,0.5339166576,0.8903110201,0.8253580161,0.7701490981,0.162766038,0.5764705882,0.3645546373,0.4291888298,0.4002229654,0.3079450614,0.3359694099,0.6,0.03351351351,0.06366047745,0.757786806,0.654987726,0.7422707538,0.7321292292,0.7297163058,0.6428506499,51,0.99,4.3,0.21,0
88,Mateyy.,0.06043956044,0.45286999,0.8636363636,0.5257022316,0.6344311136,0.3840472674,0.639813061,0.01731275875,0.8599837605,0.7041014984,0.7222577755,0.7694725812,0.7042539881,0.0556691661,0.4294117647,0.0665748393,0.08876329787,0.07469342252,0.06387592824,0.05753019901,0.557,0.02756756757,0.06100795756,0.8229831689,0.8408837313,0.7054334956,0.8202747393,0.8517398545,0.7779552508,58.4,1.03,4.65,0.23,0
89,bleaoumom.,0.02380952381,0.4012434773,0.8181818182,0.3696014211,0.5914324825,0.3471196455,0.6528761426,0.01750094091,0.8661519395,0.64991797,0.74734417,0.7375130981,0.6866333021,0.1482996289,0.7411764706,0.1469237833,0.1565824468,0.1576861142,0.1525596372,0.1584253063,0.63,0.03189189189,0.07427055703,0.7527568195,0.7258424459,0.7021444547,0.7531162554,0.8166798142,0.7485163686,54.9,1.03,4.87,0.25,0
90,lilpp69_420,1,0.1124680804,0.04545454545,0.2182746753,0.2041227152,0,0.02830849049,0,0.3638798273,0.02242152466,0.6866760527,0.3515543137,0.4111667188,0.009013103083,0.02941176471,0.02479338843,0.03291223404,0.02972872538,0.02244200565,0.02143622722,0.588,0.02918918919,0.06100795756,0.3766686013,0.2654541397,0.6891198527,0.484418723,0.360563298,0.02351734258,31.2,0.07,0.24,0.02,0
91,AngWolf_SYG,0.7582417582,0.3583879205,0.7727272727,0.3558343511,0.6209034544,0.2836041359,0.6454644651,0.01637184795,0.9114659753,0.5723941813,0.9302444644,0.8003842124,0.7802106141,0.07922441869,0.6647058824,0.4568411387,0.6542553191,0.4847020934,0.4235723204,0.3255120072,0.497,0.02351351351,0.05039787798,0.6871735345,0.6357955813,0.687541113,0.6947341643,0.7385835744,0.6615112912,52.2,1.01,4.66,0.24,0
92,MaxiSoulCalibur,0.08058608059,0.5086044188,0.9090909091,0.5254801821,0.7192205492,0.4106351551,0.8289549535,0.0208882198,0.9412812148,0.8042655584,0.7602713426,0.8312958435,0.7746324679,0.1670832387,0.5470588235,0.266758494,0.2480053191,0.2492258144,0.2879674049,0.2605370644,0.629,0.02783783784,0.06896551724,0.8049912943,0.8498103102,0.6784633601,0.8123251081,0.831901715,0.9223317361,59.6,1.25,5.56,0.28,0
93,Yukine....,0.7289377289,0.3860330854,0.8181818182,0.3728211391,0.4816812948,0.2998522895,0.5024808532,0.01467820851,0.7823758173,0.5105326479,0.693203635,0.6351728956,0.5935251799,0.03999091116,0.4294117647,0.05831037649,0.09640957447,0.06911928651,0.06325162647,0.03600706816,0.48,0.01756756757,0.0424403183,0.6788547108,0.6378040616,0.6734640179,0.689074027,0.7731907558,0.6171516875,52.8,0.9,4.39,0.23,0
94,walcziiii,0.7509157509,0.4469856778,0.8636363636,0.4344398801,0.4959336501,0.2968980798,0.5323437371,0.01637184795,0.7485861622,0.4146997703,0.7191859721,0.6577017115,0.6133354186,0.0752101795,0.4647058824,0.1776859504,0.2150930851,0.1939799331,0.1705658145,0.1727064685,0.587,0.03108108108,0.06896551724,0.6515767073,0.5823476902,0.6495198,0.6458916306,0.6887983171,0.5915955692,51.4,0.97,4.49,0.23,0
95,TerrorPingviin,0.09157509158,0.3723770401,0.7727272727,0.4120128789,0.459537805,0.2983751846,0.5288952483,0.01844185171,0.6724882121,0.4779831565,0.6635095354,0.6369193154,0.5670941508,0.0371127774,0.3117647059,0.07483930211,0.08710106383,0.08708039143,0.06492738385,0.08316676805,0.627,0.03918918919,0.07692307692,0.6718901141,0.5831287659,0.6429417182,0.6431569575,0.6580477401,0.6256054644,51.7,1.07,4.77,0.23,0
96,exYU-Honda650.,0.01648351648,0.2808926391,0.4545454545,0.28278006,0.4391657943,0.282127031,0.4210450465,0.01486639067,0.6459778629,0.3010827956,0.6615896583,0.5902899057,0.5531227192,0.01234567901,0.5235294118,0.06841138659,0.09940159574,0.0782856435,0.06545311165,0.05028823035,0.527,0.02351351351,0.05039787798,0.6225575547,0.5708547199,0.636495198,0.6330450267,0.6301603997,0.5064474658,51.4,0.9,3.92,0.2,0
97,SPARTAmordva777,0.7728937729,0.3263017653,0.6363636364,0.3500610636,0.4642885901,0.2481536189,0.4481388454,0.01449002635,0.7083149333,0.2985890845,0.7682068348,0.6706252183,0.6128140965,0.08641975309,0.4647058824,0.233241506,0.3896276596,0.2583921714,0.2121640271,0.144636598,0.438,0.02081081081,0.0424403183,0.6420971174,0.5399464405,0.6312327325,0.6128847621,0.6295322406,0.4992663005,50.2,0.89,3.99,0.19,0
98,Redze9.,0.4542124542,0.3932496947,0.8181818182,0.3791495503,0.4406957082,0.2880354505,0.5554949354,0.01957094467,0.6704653912,0.5670567647,0.655062076,0.6035626965,0.5514544886,0.06263727941,0.6,0.09504132231,0.09707446809,0.09575126966,0.08957087468,0.1064279714,0.622,0.03648648649,0.07957559682,0.6248790869,0.5534478911,0.6297855545,0.6198804375,0.643483215,0.6485903879,50.9,1.13,5.13,0.26,0
99,MacieJay,0.6978021978,0.4636393916,0.9090909091,0.5243699345,1,0.4785819793,1,0.02596913813,0.9308964515,0.8339932189,0.8672724946,1,1,0.169658411,1,0.5188246097,0.5834441489,0.6337173294,0.4118420188,0.5839923525,0.657,0.04351351351,0.07957559682,0.8313019926,0.9230082571,0.61334035,0.822564233,0.7159698484,0.9225654811,64,1.45,5.49,0.28,0
100,GIS_Bzh,0.5714285714,0.3858110359,0.8181818182,0.3666037526,0.6159916257,0.2895125554,0.5487935436,0.0137372977,0.9005541389,0.3242918079,0.9098937668,0.7579462103,0.7687415285,0.1195182913,0.6647058824,0.5390266299,0.7749335106,0.6141459185,0.5875336794,0.3996407984,0.53,0.02081081081,0.05305039788,0.5983749275,0.5450792234,0.6096566241,0.6053803104,0.644608058,0.4989026972,51.3,0.87,4.04,0.21,0
101,DoktorMoris,0.5970695971,0.293327412,0.5454545455,0.3456200733,0.4553506724,0.2806499261,0.4103701721,0.01524275499,0.6179432755,0.3506507711,0.6901318316,0.6318546979,0.5752267751,0.0512762251,0.5235294118,0.196969697,0.2549867021,0.2159048681,0.1527567852,0.1455056343,0.56,0.02918918919,0.05305039788,0.6128845038,0.5177415755,0.6014998027,0.5858560163,0.5608145616,0.4486215539,50.4,0.9,3.75,0.18,0
102,Blackcloud.,0.8076923077,0.507605196,0.9090909091,0.4445431331,0.4665431999,0.3131462334,0.5647904142,0.01674821227,0.7859941025,0.6482117467,0.6473825675,0.598323437,0.5650609947,0.06862076801,0.4,0.1519742883,0.1532579787,0.1368760064,0.1797003352,0.1666232149,0.583,0.02837837838,0.07692307692,0.5977945444,0.5724168712,0.6024207341,0.6174637497,0.7236538405,0.6344228447,52.8,0.99,5.03,0.26,0
103,Rk-OPSoldier,0.6575091575,0.35860997,0.7272727273,0.3348506717,0.4138014333,0.2776957164,0.4983941365,0.01731275875,0.6703229391,0.491392322,0.6313835915,0.5750960531,0.524397873,0.04741346664,0.3647058824,0.07024793388,0.09474734043,0.07890499195,0.06985608201,0.06656817589,0.553,0.02918918919,0.06631299735,0.5997291546,0.52644499,0.6004473096,0.5903078097,0.645820551,0.5885438986,50.8,1.03,4.88,0.24,0
104,KhanOfWar,0.1355311355,0.3417342067,0.4545454545,0.3557233263,0.3959255979,0.2762186115,0.461397513,0.01674821227,0.6396102509,0.3772722301,0.6079610905,0.5497729654,0.5032843291,0.02946300083,0.4294117647,0.04453627181,0.06050531915,0.04298278211,0.04356969179,0.03206743721,0.476,0.02243243243,0.05039787798,0.5902495647,0.5314661906,0.5995263781,0.5927244976,0.6363251234,0.5676237225,51.1,1,4.69,0.24,0
105,HnB_,0.6483516484,0.4333296325,0.8636363636,0.4155656711,0.3816732426,0.2762186115,0.4117598616,0.01505457283,0.6294391658,0.349950782,0.5854345322,0.5422633601,0.4848816599,0.03203817314,0.3823529412,0.01561065197,0.01695478723,0.01350179611,0.01928763882,0.0133541902,0.532,0.02108108108,0.05835543767,0.5948926291,0.5244365097,0.5950532825,0.5865555838,0.6374061414,0.5143428519,51,0.91,4.3,0.21,0
106,Joe-..,0.04029304029,0.4903963584,0.8636363636,0.4968357944,0.5175940092,0.3840472674,0.6649098246,0.01881821603,0.8331315261,0.7059389697,0.5902982209,0.5932588194,0.5748618497,0.0622585776,0.3470588235,0.04361799816,0.02460106383,0.03443577357,0.05976867977,0.1166246632,0.734,0.05972972973,0.1856763926,0.6384213581,0.6932604329,0.5949217208,0.6827143221,0.8262190668,0.7841884504,57.9,1.07,5.63,0.31,0
107,dg-.,0.7106227106,0.3861441101,0.8181818182,0.4595314755,0.5175134874,0.3677991137,0.5219262126,0.01787730523,0.6805652502,0.5017827846,0.6166645335,0.6093258819,0.5857053488,0.06203135651,0.4176470588,0.07943067034,0.08643617021,0.09612287873,0.07524479201,0.1055009994,0.665,0.04297297297,0.09283819629,0.6349390598,0.6544298148,0.5920273648,0.6591834139,0.6575072311,0.6055293675,56.6,1.04,4.5,0.24,0
108,mad-mirda,0.8663003663,0.2283779283,0.2272727273,0.2825580104,0.392946292,0.2333825702,0.3795396525,0.01561911931,0.5611760851,0.2572678552,0.6773326507,0.564966818,0.5296110937,0.01461788987,0.3470588235,0.1179981635,0.2323803191,0.1383624427,0.1042912532,0.06338170968,0.374,0.01864864865,0.03713527851,0.571677307,0.4924124079,0.5954479674,0.5684940219,0.5228912847,0.4460114016,49.4,0.96,3.84,0.19,0
109,GAROSHAN,0.9395604396,0.3294104585,0.6818181818,0.3327412013,0.3989854256,0.258493353,0.3866425101,0.01467820851,0.6005641106,0.3103576507,0.6416229361,0.5630457562,0.5189761234,0.04415663107,0.3352941176,0.1253443526,0.164893617,0.1259754738,0.1197345075,0.09388488167,0.512,0.02405405405,0.05305039788,0.5697426968,0.4934166481,0.5905801868,0.5667133045,0.5605662197,0.4447647616,49.6,0.89,3.85,0.19,0
110,PePeZ.,0.2582417582,0.4971688687,0.9545454545,0.4971688687,0.4414204042,0.3308714919,0.5265276291,0.01693639443,0.7216199661,0.5823690255,0.582234737,0.5417394342,0.5222604525,0.02552450201,0.4588235294,0.02249770432,0.0232712766,0.02465006813,0.02605638431,0.028880971,0.648,0.03405405405,0.09018567639,0.5910234088,0.598750279,0.5886067623,0.6257949631,0.7283577293,0.6512265119,54.5,1.01,5.1,0.27,0
111,Turtle-S,0.6684981685,0.3211946264,0.5909090909,0.3178638836,0.3980191642,0.2806499261,0.4252552911,0.01524275499,0.6377868631,0.2811331073,0.6025854345,0.5455815578,0.5024502137,0.06044080891,0.5176470588,0.05417814509,0.078125,0.05797101449,0.05763291056,0.03797688364,0.498,0.02027027027,0.05039787798,0.5798026698,0.5239901808,0.5843967899,0.5811498346,0.6255733777,0.517823055,51.4,0.93,4.37,0.22,0
112,Tomorrow.TALON,0.005494505495,0.4231153547,0.8181818182,0.4800710558,0.5022948708,0.353028065,0.5770505641,0.01919458035,0.7065200359,0.5391009515,0.6248560092,0.6070555362,0.5790324262,0.05695675225,0.4176470588,0.1069788797,0.1479388298,0.1294438251,0.1053755668,0.1107152168,0.574,0.03216216216,0.07161803714,0.626039853,0.6254184334,0.5808446257,0.637242432,0.6751395097,0.6750295428,55.9,1.13,5.19,0.27,0
113,Marto.BR,0.0641025641,0.387587432,0.7272727273,0.3895858777,0.4220951767,0.3161004431,0.4373507371,0.01674821227,0.6081853018,0.3316416931,0.5800588762,0.5677610898,0.5088624752,0.07611906385,0.4470588235,0.03856749311,0.03956117021,0.04298278211,0.03256226589,0.03531183917,0.657,0.03324324324,0.06366047745,0.6115302766,0.5589154207,0.5790027628,0.598448232,0.6073859818,0.5344579064,53.2,0.99,4.38,0.22,0
114,Ja_Morri234,0.03663003663,0.3226379483,0.5454545455,0.3909181748,0.405427168,0.2850812408,0.4373404431,0.01524275499,0.6587843132,0.4408837362,0.6056572379,0.5695075096,0.5084975498,0.03529500871,0.3,0.09504132231,0.1050531915,0.09327387588,0.0935466912,0.08887343936,0.58,0.02918918919,0.06631299735,0.5910234088,0.5143941085,0.5797921326,0.5734545917,0.633637187,0.5120833171,51.1,0.91,4.37,0.22,0
115,SaylerGC,0.7399267399,0.3159764628,0.6818181818,0.338403464,0.4154923907,0.2776957164,0.4412212797,0.01486639067,0.6808074189,0.4148310183,0.6350953539,0.5712539294,0.5270044834,0.04733772627,0.1882352941,0.1414141414,0.1821808511,0.1456707544,0.1364920812,0.1222444309,0.534,0.02756756757,0.06100795756,0.5724511511,0.5058022763,0.5783449546,0.5678580514,0.635974523,0.500772657,50.8,0.89,4.32,0.22,0
116,BoKy..,0.1153846154,0.4221161319,0.8636363636,0.4005773287,0.4240276995,0.317577548,0.5599934118,0.01881821603,0.7017906238,0.5528163622,0.5805708435,0.5478519036,0.510322177,0.04491403469,0.3705882353,0.06060606061,0.04587765957,0.04979561501,0.07646053756,0.0911039657,0.657,0.03648648649,0.1061007958,0.5796092087,0.5555679536,0.5763715301,0.5952683795,0.6821076928,0.6614074045,53.2,1.09,5.44,0.28,0
117,Saeedkako,0.6355311355,0.3571666482,0.7727272727,0.3467303209,0.3873902891,0.2776957164,0.4216832743,0.01449002635,0.6604367584,0.4034999453,0.5926020735,0.5179881243,0.4915024502,0.05173066727,0.3294117647,0.06519742883,0.06682180851,0.06057227796,0.07560622987,0.06251267345,0.589,0.02540540541,0.06631299735,0.5420777713,0.4997768355,0.5740034206,0.5623251081,0.636222865,0.4980716039,50.7,0.88,4.34,0.23,0
118,HunterPham__,0.01465201465,0.3697124459,0.7727272727,0.3680470745,0.6092277961,0.2880354505,0.5960532817,0.01787730523,0.7769341444,0.4496773488,0.9045181108,0.7383863081,0.7621728704,0.1248201166,0.9882352941,0.5826446281,0.8716755319,0.6822742475,0.5433725439,0.5187277309,0.524,0.02918918919,0.06366047745,0.5654865545,0.5124972104,0.5726878042,0.5689392012,0.5461331697,0.5106678614,51.3,1.05,4.4,0.22,0
119,Makkol.,0.793040293,0.5041634284,0.8636363636,0.4026867992,0.4053466463,0.2880354505,0.4960265173,0.01863003387,0.6244960754,0.4482117467,0.6014335083,0.5480265456,0.5067250547,0.09285768386,0.4352941176,0.08448117539,0.1153590426,0.08769973987,0.0841493067,0.0811679847,0.51,0.02945945946,0.06631299735,0.5689688528,0.5193037268,0.5682147086,0.5706563215,0.599672773,0.5855441713,51.9,1.1,5.03,0.26,0
120,Psycho_Leeby,0.02564102564,0.3401798601,0.6818181818,0.3559453758,0.4126741284,0.2732644018,0.4008688133,0.01599548363,0.5766891266,0.331904189,0.6371432228,0.5841774363,0.5260139714,0.02347951223,0.4529411765,0.1556473829,0.2124335106,0.174904001,0.1350134718,0.1198980331,0.547,0.0272972973,0.05305039788,0.5765138325,0.4829279179,0.5658465991,0.5487789367,0.5273322231,0.4487773839,50.2,0.96,4.01,0.19,0
121,FMissio,0.04029304029,0.1800821583,0.04545454545,0.2425890974,0.3199130365,0.1521418021,0.2446780038,0.009785472337,0.5408908959,0.1804003062,0.6879559708,0.4652462452,0.4866541549,0.09300916458,0.2882352941,0.1721763085,0.2938829787,0.2019075932,0.1651113886,0.1125981287,0.458,0.02081081081,0.0450928382,0.428322693,0.3428922116,0.5643994211,0.4682650725,0.4637274666,0.2459386809,41.7,0.6,2.57,0.14,0
122,fosgen.-,0.7032967033,0.3787054513,0.8181818182,0.4053513934,0.3805459377,0.2909896603,0.4564769826,0.02070003764,0.5238821066,0.3748441431,0.5616280558,0.542961928,0.4744552184,0.02105582065,0.3117647059,0.04269972452,0.02526595745,0.03753251579,0.04146678057,0.05008545523,0.749,0.03702702703,0.08222811671,0.5798026698,0.4994420888,0.5634784897,0.557046553,0.5152657259,0.5494305712,51.1,1.2,4.83,0.24,0
123,Mira-_-Jg,0.6794871795,0.5099367159,0.9545454545,0.4732985456,0.4167807392,0.3146233383,0.4507329326,0.01674821227,0.6268465363,0.4271683255,0.5746832203,0.5352776808,0.5032321969,0.03044762554,0.2764705882,0.05739210285,0.06715425532,0.05735166605,0.05865150818,0.05414095768,0.564,0.02837837838,0.06631299735,0.5674211646,0.546306628,0.5622944349,0.5831849402,0.6143395565,0.5411326243,53.4,0.99,4.55,0.24,0
124,murikooo,0.6501831502,0.3884756301,0.8181818182,0.3529477073,0.4186327402,0.2717872969,0.3847175327,0.01317275122,0.6607501531,0.3635349448,0.649046461,0.553964373,0.53472005,0.04642884193,0.4294117647,0.1616161616,0.2410239362,0.1850613155,0.1709272524,0.1336867414,0.515,0.02405405405,0.05835543767,0.5374347069,0.4829279179,0.5612419418,0.5465530399,0.5900312619,0.4158323269,50.4,0.79,3.73,0.19,0
125,AceX.,0.3333333333,0.4241145776,0.8181818182,0.3566115244,0.3964087286,0.2895125554,0.45234909,0.01618366579,0.6446815482,0.4410368588,0.5854345322,0.5069856794,0.4944218538,0.07096871923,0.3764705882,0.06152433425,0.09341755319,0.06936702589,0.06611027141,0.05353263231,0.498,0.02486486486,0.06100795756,0.5339524086,0.5159562598,0.5615050651,0.5655049606,0.628086014,0.5434441025,52,0.97,4.71,0.25,0
126,SpineIock,0.6556776557,0.3506161874,0.7727272727,0.3729321639,0.544166197,0.2909896603,0.5226364984,0.01656003011,0.7338850981,0.4700426556,0.8005887623,0.6900104785,0.6777186946,0.02658486708,0.4764705882,0.4242424242,0.6113696809,0.4908955779,0.3828612736,0.3419078242,0.536,0.0272972973,0.05570291777,0.5741923003,0.4979915198,0.5605841337,0.5548206563,0.5662780846,0.4920461776,51.2,0.98,4.34,0.21,0
127,C-AVRAIDER-41,0.6684981685,0.2246030865,0.04545454545,0.2766736982,0.2953538932,0.1949778434,0.2728012023,0.01336093338,0.4599638171,0.1603631193,0.5661077691,0.4079636745,0.4211239704,0.005604786791,0.3705882353,0.02157943067,0.04488031915,0.02663198315,0.02142340803,0.008777266012,0.372,0.01243243243,0.02917771883,0.43915651,0.3984601651,0.559005394,0.4973289239,0.4578110848,0.3376576155,45.7,0.83,3.33,0.19,0
128,S-K-A-T.NG,0.0347985348,0.3790385256,0.8181818182,0.3900299767,0.4216925678,0.2806499261,0.3472576793,0.0127963869,0.6120457556,0.225090233,0.6393190836,0.5672371638,0.5327390262,0.09853821101,0.3823529412,0.181359045,0.2556515957,0.2120649077,0.1673785897,0.1274876162,0.551,0.02324324324,0.05039787798,0.549042368,0.4753403258,0.5508485726,0.5372042737,0.5497122155,0.3779526537,50.4,0.77,3.45,0.17,0
129,Recruit.AI.4.0,0.6483516484,0.3093149772,0.5,0.3187520817,0.3719301071,0.2895125554,0.3806822861,0.01618366579,0.5447513497,0.2489117358,0.5503647767,0.52200489,0.464289438,0.03620389305,0.3117647059,0.02249770432,0.02859042553,0.02539328626,0.01833475718,0.01958228325,0.58,0.0327027027,0.06100795756,0.5687753918,0.5029011381,0.5529535587,0.5539302976,0.5501358577,0.471476619,51.7,0.96,4.17,0.21,0
130,True_Tuzik,0.7014652015,0.274009104,0.4090909091,0.277228822,0.3171752959,0.2319054653,0.2914333361,0.01260820474,0.5181270388,0.1797440665,0.5498528094,0.4575619979,0.4286310082,0.0103764296,0.3176470588,0.01974288338,0.03989361702,0.02167719559,0.01803903529,0.00544596043,0.314,0.009189189189,0.01856763926,0.4993228864,0.4350591386,0.5494013946,0.5135461715,0.5236363105,0.3660446453,48.3,0.79,3.49,0.18,0
131,Bladder-P2-,0.7490842491,0,0,0.3482846675,0.3451968758,0.2511078287,0.3301902331,0.01580730147,0.4815880568,0.2231433884,0.5672596954,0.5167656305,0.4538629966,0.02158600318,0.2647058824,0.05876951331,0.08277925532,0.0624303233,0.0478412302,0.03933837374,0.506,0.02513513514,0.04774535809,0.5469142968,0.449899576,0.5482173398,0.5214322055,0.4720104011,0.3986910281,49.2,0.95,3.75,0.18,0
132,SpeciaList.-,0.7747252747,0.4347729544,0.8636363636,0.4121239036,0.8037684194,0.3751846381,0.7358869307,0.01806548739,0.9535463468,0.7219949688,0.936516063,0.8665735243,0.901157335,0.1065666894,0.6764705882,0.9063360882,1,1,0.8616021555,0.8644013789,0.627,0.03081081081,0.06631299735,0.5641323273,0.5280071413,0.5480857782,0.5658865429,0.5752914366,0.5226018414,53.2,1.02,4.52,0.23,0
133,random......,0,0.5580104363,0.9545454545,0.474963917,0.4055882116,0.3249630724,0.4459771062,0.01787730523,0.5838972065,0.338050968,0.5437092026,0.5232273839,0.4833698259,0.0824055139,0.5117647059,0.02249770432,0.02626329787,0.02687972253,0.02378918315,0.02502824368,0.636,0.03216216216,0.07692307692,0.5685819307,0.5436286543,0.5461123536,0.573836174,0.585488065,0.5485735063,54,1.05,4.68,0.24,0
134,KENT__UA,0.6941391941,0.3790385256,0.8181818182,0.3543910292,0.3868266366,0.2880354505,0.407868731,0.01712457659,0.5566745965,0.349053921,0.5751951875,0.5256723716,0.4840475446,0.01893509051,0.3588235294,0.07943067034,0.1087101064,0.0806391676,0.07297759085,0.04348077982,0.498,0.01837837838,0.03713527851,0.5476881408,0.4988841776,0.5454545455,0.5480157721,0.5367692173,0.4937083642,51.9,1.04,4.41,0.22,0
135,kiX.NwA,0.02747252747,0.4404352171,0.8636363636,0.3825913179,0.4587325872,0.3279172821,0.5368730956,0.0208882198,0.6086126583,0.4128404244,0.6107769103,0.5899406217,0.5450943593,0.14852685,0.5352941176,0.1914600551,0.2084441489,0.1716833891,0.1755930867,0.1581066597,0.548,0.02756756757,0.05835543767,0.5722576901,0.5515509931,0.5437442442,0.5772068176,0.5450375435,0.6054774241,54.5,1.25,5.14,0.26,0
136,PaiDoNesgui-.,0.7509157509,0.4714111247,0.8636363636,0.4120128789,0.398824382,0.3131462334,0.5259305773,0.02295822356,0.5488254818,0.4349338292,0.5520286702,0.5237513098,0.4823793139,0.03241687495,0.5764705882,0.03902662994,0.05551861702,0.04496469714,0.03519090491,0.04119231772,0.54,0.03594594595,0.07427055703,0.5633584833,0.5304619505,0.5437442442,0.5651869753,0.5462208198,0.6434220266,53.5,1.33,5.58,0.28,0
137,McMonarque,0.6538461538,0.3198623293,0.6818181818,0.3712667925,0.420162654,0.3234859675,0.4176583217,0.01731275875,0.5629282468,0.3383134639,0.56687572,0.565316102,0.5022416849,0.02037415739,0.4764705882,0.1221303949,0.08078457447,0.1121020686,0.1019911941,0.1237217925,0.731,0.0372972973,0.07161803714,0.571096924,0.5007810757,0.5432179976,0.5480157721,0.5270400561,0.4664640877,52.1,1,4.17,0.2,0
138,BLoodiy_HamsTeR,0.4816849817,0.4756300655,0.9090909091,0.4584212279,0.4587325872,0.329394387,0.6188647781,0.02484004516,0.6007777889,0.6874986328,0.6073211314,0.5908138316,0.5436867897,0.03582519124,0.3470588235,0.1854912764,0.1878324468,0.2110739502,0.1509495958,0.2400278092,0.668,0.04864864865,0.09018567639,0.5691623138,0.5001115822,0.5419023813,0.5469982193,0.5407719052,0.6631994494,52.1,1.38,5.94,0.29,0
139,ZillyDrachilly,0.7838827839,0.4054624181,0.8181818182,0.4164538692,0.4361059667,0.2968980798,0.5468068023,0.02107640196,0.6153933817,0.5049546101,0.6327915013,0.5567586448,0.5394119487,0.1166401575,0.4117647059,0.1643709826,0.2546542553,0.2098352533,0.1628113294,0.1890733177,0.548,0.03567567568,0.07957559682,0.5438189205,0.4966525329,0.541639258,0.5448995167,0.5536710784,0.5994909554,51.9,1.22,5.39,0.27,0
140,NiK.-,0.01465201465,0.4711890752,0.9090909091,0.4698567781,0.479748772,0.3382570162,0.5583772544,0.01881821603,0.6991695038,0.5090670458,0.621656214,0.5833042263,0.563132103,0.1090661213,0.5058823529,0.1873278237,0.2456781915,0.1993063297,0.1920549386,0.1940268243,0.541,0.03108108108,0.07161803714,0.5660669375,0.566168266,0.5391395869,0.5833121343,0.6288602565,0.6147493085,55.3,1.1,5.16,0.27,0
141,KiriKrush,0.03296703297,0.3559453758,0.6818181818,0.3775952037,0.3828005475,0.3013293944,0.4420345055,0.01787730523,0.5795809057,0.3932844799,0.5493408422,0.5251484457,0.4709102283,0.03938498826,0.4352941176,0.06106519743,0.06349734043,0.06849993807,0.05576000526,0.06934909186,0.655,0.03810810811,0.07957559682,0.5558135036,0.4906270922,0.5383502171,0.5398753498,0.5691851462,0.5266923786,51.8,1.04,4.78,0.24,0
142,CrazyS.-,0.7435897436,0.3800377484,0.8181818182,0.3996891307,0.4122715194,0.305760709,0.5495552993,0.0227700414,0.5759768658,0.4747238324,0.5844105977,0.543660496,0.504274841,0.04862531243,0.4705882353,0.1331496786,0.1535904255,0.1356373096,0.1347506079,0.1542249645,0.578,0.03513513514,0.08222811671,0.5434319985,0.4969872796,0.5363767925,0.5425464258,0.5266164139,0.6191515057,52.2,1.32,5.59,0.28,0
143,Rebind.,0.9029304029,0.4897302098,0.9090909091,0.566448318,0.7565021338,0.4431314623,0.8982438442,0.02596913813,0.8336728443,1,0.7296813004,0.7920013971,0.7863100824,0.03968794971,0.8,0.4761248852,0.4863696809,0.5535736405,0.4670434383,0.6171605689,0.673,0.04054054054,0.09018567639,0.6508028632,0.6773041732,0.5341402447,0.6442381074,0.6167353259,0.8134065734,59.9,1.48,6.18,0.31,0
144,Philias.,0.6684981685,0.4780726102,0.9090909091,0.4922837793,0.6668813914,0.3973412112,0.7420839167,0.02446368084,0.726662773,0.7214262277,0.732625112,0.7144603563,0.7294859764,0.04559569795,0.5941176471,0.3778696051,0.4401595745,0.4714480367,0.3394230137,0.4804901364,0.652,0.04351351351,0.09018567639,0.5726446121,0.5665030127,0.5332193132,0.5806410583,0.5309697023,0.639357461,55.6,1.35,5.39,0.28,0
145,PaparazZI-LFT,0.02380952381,0,0,0.4562007328,0.3705612368,0.3013293944,0.3726735568,0.01656003011,0.5238108805,0.3380290933,0.53078203,0.510653161,0.4554269628,0.0365068545,0.2470588235,0.0202020202,0.03125,0.02663198315,0.01744759151,0.01946641175,0.563,0.03405405405,0.06631299735,0.5556200426,0.4985494309,0.5297987107,0.5402569321,0.5274344815,0.4584778007,52.6,0.98,4.16,0.2,0
146,Nemesis._-_,0.7472527473,0.3966914622,0.8181818182,0.413345176,0.3861019406,0.3131462334,0.5064028658,0.0237109522,0.5108619781,0.4409056108,0.5365416613,0.5291652113,0.4678344281,0.02688782852,0.4058823529,0.04820936639,0.05352393617,0.04583178496,0.04448971545,0.05191043133,0.565,0.03567567568,0.07427055703,0.5650996324,0.5114929703,0.528614656,0.5470618163,0.5030385368,0.6145415352,53.3,1.37,5.5,0.27,0
147,Sturm-.,0.02197802198,0.4520928167,0.8636363636,0.5192627956,0.4931153877,0.3840472674,0.5677859672,0.02239367708,0.6062906879,0.5398228153,0.5632919493,0.5703807195,0.5480137629,0.1643565856,0.4588235294,0.1092745638,0.1279920213,0.1200297287,0.1127028981,0.1120477391,0.603,0.03054054054,0.07161803714,0.5852195783,0.6179424236,0.5272990396,0.6070974307,0.5700762556,0.664238316,58,1.31,5.36,0.28,0
148,CaumArrependido,0.3717948718,0.4677473076,0.9090909091,0.4698567781,0.4136403897,0.3264401773,0.5228732603,0.02051185548,0.6031140045,0.5097232856,0.5533085883,0.5137967167,0.4924929622,0.04930697569,0.3176470588,0.0886134068,0.1013962766,0.1045460176,0.09417099297,0.1310506648,0.639,0.0427027027,0.1034482759,0.5318243374,0.5138361973,0.5274306012,0.5478249809,0.5761825459,0.6003610061,53.5,1.17,5.37,0.28,0
149,no0bMaster69-,0.684981685,0.3712667925,0.7727272727,0.36094149,0.4700056365,0.3013293944,0.4571460924,0.01637184795,0.6450234334,0.404353057,0.6734928965,0.5923856095,0.5779376499,0.04960993714,0.4941176471,0.2640036731,0.3979388298,0.3090548743,0.2462377604,0.2224732771,0.52,0.02756756757,0.05835543767,0.5391758561,0.4987725954,0.5267727931,0.538921394,0.5446869431,0.4698793616,52.7,0.97,4.27,0.22,0
150,N.999,0.02197802198,0.2876651493,0.2727272727,0.3127567448,0.3451968758,0.2717872969,0.4059231656,0.01674821227,0.5639966381,0.4002406212,0.5365416613,0.4551170101,0.4413512668,0.1033098538,0.5882352941,0.03673094582,0.05252659574,0.04546017589,0.03588092265,0.03467454593,0.569,0.02972972973,0.06631299735,0.4859740762,0.451796474,0.5257203,0.51163826,0.5586233091,0.4933837184,50.3,0.99,4.72,0.25,0
151,its.invisible,0.7326007326,0.4691906295,0.8636363636,0.4709670256,0.4242692648,0.3485967504,0.5404759944,0.02295822356,0.5644097494,0.5095264136,0.5339818252,0.5337059029,0.4915024502,0.07248352647,0.3529411765,0.06473829201,0.05319148936,0.06366902019,0.05924295196,0.08481793691,0.689,0.04378378378,0.09283819629,0.5614238731,0.5456371346,0.5251940534,0.5648689901,0.548981798,0.6392925318,55.1,1.31,5.54,0.28,0
152,yaNNNNNgoo,0.04212454212,0.4798490063,0.9090909091,0.5519040746,0.437072228,0.3604135894,0.5757946965,0.02352277004,0.5882135073,0.60864049,0.5319339562,0.5490743975,0.4989573559,0.03900628645,0.5058823529,0.05417814509,0.05518617021,0.05871423263,0.04655976868,0.07317285131,0.65,0.04810810811,0.09549071618,0.5859934223,0.572305289,0.5249309301,0.5799414907,0.5828877787,0.6936642123,56.2,1.34,5.86,0.29,0
153,Cangulao,0.02197802198,0.3400688354,0.5,0.3263017653,0.4218536114,0.3013293944,0.4531726097,0.01957094467,0.544110315,0.2890954829,0.6039933444,0.554488299,0.5184548014,0.02204044535,0.5705882353,0.160697888,0.248337766,0.1872909699,0.1366892292,0.1182468642,0.506,0.02648648649,0.05039787798,0.5467208358,0.5002231645,0.5219050125,0.5373950649,0.4969906799,0.5187450492,53.1,1.17,4.73,0.24,0
154,Lawliettloy,0.9358974359,0.378372377,0.8181818182,0.4040190963,0.5012480876,0.3190546529,0.690418348,0.02502822732,0.6645821166,0.5469102045,0.6847561756,0.6030387705,0.6027525805,0.1247443763,0.4529411765,0.3241505969,0.4418218085,0.3718568066,0.2812972334,0.367602329,0.557,0.04,0.07957559682,0.5238924357,0.4967641152,0.5211156427,0.5350419741,0.5462792532,0.6941706598,52.9,1.43,6.36,0.33,0
155,drac4rys,0.6758241758,0.4099034085,0.8181818182,0.3789275008,0.3597713181,0.2806499261,0.3410915754,0.01543093715,0.505804926,0.3769222356,0.5460130552,0.5169402724,0.4546449797,0.005529046429,0.3235294118,0.0624426079,0.09807180851,0.07630372848,0.05165275679,0.05208423858,0.521,0.03081081081,0.05835543767,0.5457535307,0.4625083687,0.5204578345,0.5151996947,0.4948870775,0.4065864142,51.2,0.92,3.87,0.19,0
156,brtyuuiogfxd,0.05677655678,0.3295214833,0.4545454545,0.3108693239,0.4099363878,0.282127031,0.4317610969,0.01618366579,0.6169318651,0.3824565241,0.6185844106,0.5078588893,0.5166823063,0.0147693706,0.4823529412,0.1795224977,0.2832446809,0.2123126471,0.1796674772,0.1362648822,0.503,0.02324324324,0.05305039788,0.4855871542,0.4704307074,0.5201947112,0.5195878911,0.5508516668,0.4824236758,51.6,0.99,4.55,0.25,0
157,Amani.-,0.543956044,0.4456533807,0.8636363636,0.4083490618,0.37160802,0.2924667651,0.4246994153,0.01787730523,0.5530705566,0.3631412009,0.5442211698,0.4858539993,0.4615785632,0.06642429751,0.4705882353,0.06932966024,0.1040558511,0.08001981915,0.06811460866,0.06558326816,0.515,0.02945945946,0.06631299735,0.5091893983,0.4783530462,0.5176950401,0.5228949377,0.5366377421,0.5061747633,52.1,1.06,4.74,0.25,0
158,EragoBEAST,0.07326007326,0.4909514822,0.9090909091,0.4482069501,0.3640389725,0.2924667651,0.3718706251,0.01449002635,0.5843815439,0.3315760691,0.5332138743,0.4949353825,0.4521947659,0.04514125578,0.4,0.04591368228,0.06815159574,0.05437879351,0.04774265624,0.0366443614,0.533,0.02351351351,0.05570291777,0.5256335848,0.4736665923,0.5148006841,0.5188247265,0.5733339177,0.4481021206,52,0.88,4.23,0.21,0
159,RichyX.,0.03113553114,0,0,0.3691573221,0.4262823094,0.3323485968,0.4223112081,0.01712457659,0.5744668727,0.3233074483,0.5599641623,0.5502968914,0.5033885935,0.038703325,0.4411764706,0.1547291093,0.154587766,0.1827077914,0.1281790103,0.1447524695,0.685,0.03459459459,0.06631299735,0.5436254595,0.4783530462,0.5121694514,0.5202238616,0.5307359687,0.4665549885,52.4,0.99,4.39,0.21,0
160,aLex.BLUEJAYS,0.7106227106,0.4959475963,0.9090909091,0.4673032086,0.4011595136,0.3220088626,0.526671745,0.0208882198,0.5998945854,0.5372634803,0.5429412518,0.500174642,0.4801897612,0.03696129667,0.3823529412,0.07483930211,0.1156914894,0.08683265205,0.07764342512,0.07832913299,0.504,0.03081081081,0.07427055703,0.5217643645,0.5147288552,0.510853835,0.5403205291,0.5789289158,0.6270209202,54.3,1.22,5.68,0.3,0
161,Cont3M4x,0.2014652015,0,0,0.4190074387,0.3817537644,0.29394387,0.4024026188,0.01844185171,0.5091952877,0.3115826315,0.5571483425,0.5277680754,0.4734125743,0.0103764296,0.3411764706,0.1092745638,0.1525930851,0.1294438251,0.09334954327,0.09840387011,0.561,0.03243243243,0.06366047745,0.5376281679,0.4628431154,0.5099329036,0.510302722,0.4792999679,0.4624514655,51.7,1.09,4.44,0.21,0
162,reQ_BigVorobey,0.06593406593,0.3630509604,0.6818181818,0.4026867992,0.3581608825,0.2880354505,0.4293317137,0.02051185548,0.4947506375,0.3376134748,0.5325739153,0.5026196298,0.4481284538,0.07233204575,0.3823529412,0.05785123967,0.07746010638,0.0670135018,0.05385424197,0.05474928305,0.569,0.03108108108,0.06631299735,0.527181273,0.4552555233,0.5099329036,0.5059781226,0.4771817571,0.5100185697,51.3,1.2,4.94,0.24,0
163,blind-boomer,0.7106227106,0.3568335739,0.8181818182,0.3143110914,0.3790965456,0.2762186115,0.3222020917,0.01260820474,0.5728144276,0.2440774363,0.5812108025,0.4993014321,0.4814930664,0.01219419829,0.4235294118,0.1290174472,0.1921542553,0.1476526694,0.1361635013,0.07415775905,0.515,0.01675675676,0.03978779841,0.4908106017,0.4466636911,0.5096697803,0.5009539557,0.5158354515,0.3653304245,50.8,0.8,3.57,0.18,0
164,ComPanion._.Ka,0.6794871795,0.3622737871,0.7272727273,0.322748973,0.5365166277,0.2688330871,0.4123363255,0.01486639067,0.6363480961,0.2468773925,0.8393702803,0.695948306,0.6885621937,0.02007119594,0.3,0.5670339761,0.8387632979,0.6378050291,0.4449628705,0.3658932244,0.51,0.02513513514,0.0450928382,0.5180886051,0.4349475563,0.5091435337,0.4940218774,0.4407485319,0.3464230524,50.2,0.88,3.44,0.17,0
165,OlvlStudent,0.09340659341,0.4517597424,0.8181818182,0.3505051627,0.3907722039,0.2924667651,0.4288478959,0.01561911931,0.6305360475,0.4385650224,0.5734033022,0.5050646175,0.4858721718,0.05718397334,0.4941176471,0.1336088154,0.1994680851,0.1451752756,0.1466451994,0.1107152168,0.488,0.02324324324,0.05835543767,0.5020313407,0.4771256416,0.5086172872,0.5178071737,0.578812049,0.488604932,52.5,0.95,4.62,0.24,0
166,TGR6,0.8058608059,0.3930276452,0.8181818182,0.4475408016,0.4985908688,0.341211226,0.6143971836,0.02295822356,0.6373025257,0.5879470633,0.6395750672,0.6049598323,0.5826295485,0.02552450201,0.3764705882,0.3200183655,0.3557180851,0.3385358603,0.3219097062,0.4334752759,0.608,0.04135135135,0.09549071618,0.5295028052,0.497656773,0.5080910407,0.5292546426,0.5040172963,0.572233693,53.6,1.28,5.3,0.27,0
167,Aboude-1,0.02747252747,0.3216387254,0.6818181818,0.3299655823,0.3443111362,0.2850812408,0.3723441489,0.01806548739,0.4824712603,0.3116920048,0.5155510047,0.4593084177,0.4322281305,0.0327198364,0.4941176471,0.04178145087,0.0545212766,0.04248730336,0.04015246106,0.03760030127,0.522,0.02864864865,0.06366047745,0.4913909847,0.4587145726,0.5078279174,0.5069320784,0.4769041984,0.4533873544,51.6,1.07,4.38,0.23,0
168,foJiG.5051,0.6318681319,0.4555345842,0.8636363636,0.5452425891,0.4842579918,0.4194977843,0.5336922507,0.0218291306,0.5838117352,0.5545882096,0.5001919877,0.5583304226,0.5165780419,0.0365068545,0.4176470588,0.01790633609,0.015625,0.02093397746,0.01757902346,0.02450682193,0.722,0.0427027027,0.09549071618,0.6109498936,0.656884624,0.5076963557,0.6198168405,0.5905425541,0.6615112912,60.4,1.26,5.23,0.27,0
169,eXp3rIeNz,0.7289377289,0.3892528034,0.7727272727,0.4343288553,0.3945567276,0.3441654357,0.4057996377,0.01674821227,0.5638399407,0.4147653943,0.501983873,0.5094306671,0.4592326139,0.01393622662,0.3588235294,0.01974288338,0.01396276596,0.02093397746,0.01787474535,0.02250803859,0.751,0.03864864865,0.07957559682,0.5563938866,0.5343673287,0.5095382187,0.5508776393,0.5703099892,0.5023958861,55.3,0.99,4.47,0.22,0
170,Galio.,0.6813186813,0.4136782502,0.8181818182,0.4084600866,0.3614622755,0.2954209749,0.425739109,0.01750094091,0.5649795581,0.3847752379,0.5270702675,0.4771219001,0.4480241893,0.1753389381,0.4294117647,0.05785123967,0.07945478723,0.06156323548,0.06433594007,0.06529358941,0.519,0.03108108108,0.07957559682,0.5020313407,0.4700959607,0.5074332325,0.5132281862,0.5474625296,0.5049021518,52.2,1.04,4.82,0.25,0
171,Mudin-.,0.05494505495,0.411013656,0.8181818182,0.4175641168,0.5598679443,0.3677991137,0.5845548876,0.01731275875,0.7845553355,0.5176200372,0.667093306,0.6694027244,0.6335105828,0.1115655533,0.4235294118,0.5179063361,0.4554521277,0.4843304843,0.5191562069,0.4656006489,0.65,0.02756756757,0.06366047745,0.5235055136,0.4936398125,0.5053282463,0.5256296108,0.573596868,0.5285753243,53.5,1.04,4.93,0.25,0
172,Xyliganka_,0.6135531136,0.4116798046,0.8181818182,0.3793715999,0.6643852162,0.3308714919,0.7068887425,0.01731275875,0.9532756877,0.6287870502,0.8767438884,0.8229130283,0.7865707434,0.0365068545,0.4647058824,1,0.9956781915,0.9022668153,1,1,0.589,0.03054054054,0.06896551724,0.4892629135,0.4403035037,0.5045388765,0.494848639,0.5314663862,0.4424792551,50.7,0.94,4.38,0.22,0
173,vipovPl,0.08058608059,0.3717108915,0.7727272727,0.3441767514,0.4167807392,0.2865583456,0.4318125669,0.01580730147,0.628142851,0.3614131029,0.6199923205,0.5632203982,0.5216869982,0.05824433841,0.3705882353,0.2644628099,0.3287898936,0.2749907098,0.2690740619,0.2256597433,0.555,0.02567567568,0.06100795756,0.5105436255,0.4390760991,0.5040126299,0.4938946833,0.5219271335,0.441946836,50.7,0.95,4.38,0.22,0
174,Focus11rus,0.8388278388,0.3449539247,0.7272727273,0.3670478517,0.3828005475,0.2880354505,0.3986350161,0.01768912307,0.52836935,0.324094936,0.5682836298,0.5319594831,0.478625795,0.03309853821,0.3117647059,0.1404958678,0.1994680851,0.156571287,0.1133600578,0.1101648272,0.525,0.02972972973,0.05570291777,0.5295028052,0.4561481812,0.5030916985,0.5031798525,0.4905922225,0.4532315244,51.7,1.04,4.41,0.21,0
175,SantoPadre.AMEN,0.03296703297,0.3406239591,0.5909090909,0.3015432441,0.3345680006,0.2717872969,0.3389607181,0.01392547986,0.5518454679,0.2623209012,0.5196467426,0.4622773315,0.4275883641,0.06907521018,0.3588235294,0.07162534435,0.07679521277,0.05958132045,0.07856344877,0.06034008285,0.52,0.02351351351,0.05835543767,0.4817179338,0.4367328721,0.5028285752,0.4919867718,0.5302246764,0.400405158,50.6,0.85,3.99,0.21,0
176,xRace.,0.6428571429,0.4388808704,0.8636363636,0.4635283668,0.3334406957,0.2836041359,0.39279832,0.01919458035,0.4836251229,0.3638630646,0.5007039549,0.4593084177,0.4191429465,0.02847837613,0.2117647059,0.02157943067,0.02825797872,0.02415458937,0.02010908852,0.02302946033,0.564,0.03513513514,0.07427055703,0.4989359644,0.449453247,0.5020392054,0.4988552531,0.4859467672,0.4837092732,51.4,1.12,4.75,0.24,0
177,Autumn.RG,0.6666666667,0.4228933052,0.8636363636,0.4425446875,0.4223367421,0.3545051699,0.485073705,0.02333458788,0.4974572287,0.4027343323,0.5219505952,0.5083828152,0.4853508498,0.01582973567,0.3764705882,0.08356290174,0.08311170213,0.1059085842,0.06174015903,0.115292141,0.708,0.0572972973,0.09549071618,0.5260205069,0.5158446775,0.5017760821,0.5365683032,0.4807608029,0.5565597933,54.8,1.3,5.08,0.26,0
178,M.VanRossem,0.4615384615,0.3893638281,0.8181818182,0.4236704785,0.4766084226,0.3456425406,0.449446183,0.01599548363,0.6508639724,0.1963688067,0.6043773199,0.5709046455,0.5540610989,1,0.5529411765,0.2369146006,0.2815824468,0.2552954292,0.2487678255,0.2256887112,0.589,0.02783783784,0.06631299735,0.5281485781,0.5161794242,0.5016445205,0.5366954973,0.5497852573,0.4602049164,54.8,0.94,4.2,0.22,0
179,winq_89-Lexus,0.6703296703,0.2093926946,0.2272727273,0.2663483957,0.2902004992,0.2141802068,0.2561969859,0.01223184042,0.4644653058,0.1944000875,0.5277102265,0.4329374782,0.4021478469,0.007119594032,0.2941176471,0.0564738292,0.08710106383,0.06441223833,0.0494512716,0.03647055416,0.496,0.0227027027,0.0450928382,0.4544399304,0.3739120732,0.5044073148,0.4569447978,0.4525812955,0.3063357877,46.6,0.76,3.29,0.17,0